id;linked_post;linked_user;content;timestamp
1;85353;63092;Awesome Berkshire;2024-03-05T03:14:25
2;70527;71270;Unbranded transmitting Gorgeous;2024-03-04T15:45:55
3;78523;72468;programming;2024-03-04T19:48:29
4;57425;14227;South Ridges Sausages;2024-03-05T02:45:53
5;53828;18978;optimal calculating Savings;2024-03-04T14:07:41
6;67022;81861;application morph;2024-03-04T23:14:45
7;42834;20838;Horizontal Car out-of-the-box;2024-03-04T08:16:00
8;79563;94002;Unbranded Springs deposit;2024-03-04T19:48:29
9;91074;4953;Creek withdrawal;2024-03-05T07:32:16
10;64603;10725;of;2024-03-04T14:57:13
