id;prompt_id;prompt_content;prompt_deadline;participants_num
1;79419;teal Buckinghamshire;2024-02-20T17:57:39;6700
2;41673;Tunnel bottom-line withdrawal;2024-02-21T00:38:29;23517
3;16410;payment;2024-02-21T05:20:33;88157
4;87314;override compress;2024-02-21T00:03:37;94950
5;77606;JBOD Bedfordshire lavender;2024-02-20T22:12:05;25950
6;66555;Granite;2024-02-20T12:59:52;57425
7;14020;ADP Pennsylvania Delaware;2024-02-20T15:54:14;226
8;15854;Customer-focused;2024-02-21T09:43:22;50275
9;67905;Personal;2024-02-21T10:38:50;91935
10;32124;Manager Fantastic;2024-02-21T11:18:26;29531
